title,ratingStars,ratingTotal,brand,shipping
"NexiGo N60 1080P Web Camera, HD Webcam with Microphone, Software Control & Privacy Cover, USB Computer Camera, 110-degree FOV, Plug and Play, for Zoom/Skype/Teams, Conferencing and Video Calling",4.4 out of 5 stars,"19,254 ratings",,
"Roku Ultra | Streaming Device HD/4K/HDR/Dolby Vision with Dolby Atmos, Bluetooth Streaming, and Roku Voice Remote with Headphone Jack and Personal Shortcuts, includes Premium HDMI® Cable",4.7 out of 5 stars,"19,224 ratings","from Asurion, LLC",Deliver to Serbia
"Logitech G604 LIGHTSPEED Wireless Gaming Mouse with 15 programmable controls, up to 240 hour battery life, dual wireless connectivity modes, hyper-fast scroll wheel - Black",4.5 out of 5 stars,"5,089 ratings","from Asurion, LLC",Deliver to Serbia
"Original HP 61 Black Ink Cartridge | Works with DeskJet 1000, 1010, 1050, 1510, 2050, 2510, 2540, 3000, 3050, 3510; ENVY 4500, 5530; OfficeJet 2620, 4630 Series | Eligible for Instant Ink | CH561WN",4.7 out of 5 stars,"46,891 ratings",,Deliver to Serbia
"Original HP 62XL Black High-yield Ink | Works with HP ENVY 5540, 5640, 5660, 7640 Series, HP OfficeJet 5740, 8040 Series, HP OfficeJet Mobile 200, 250 Series | Eligible for Instant Ink | C2P05AN",4.7 out of 5 stars,"19,364 ratings",,Deliver to Serbia
"AMD Ryzen 5 5600X 6-core, 12-Thread Unlocked Desktop Processor with Wraith Stealth Cooler",4.8 out of 5 stars,"6,181 ratings","from Asurion, LLC",Deliver to Serbia
"Original HP 65 Black/Tri-color Ink Cartridges (2-pack) | Works with HP AMP 100 Series, HP DeskJet 2600, 3700 Series, HP ENVY 5000 Series | Eligible for Instant Ink | T0A36AN",4.7 out of 5 stars,"19,853 ratings",,Deliver to Serbia
"Brother Genuine Cartridge TN760 High Yield Black Toner,1 Pack",4.7 out of 5 stars,"10,740 ratings",,
"USB Wall Charger, Surge Protector, QINLIANF 5 Outlet Extender with 4 USB Charging Ports ( 4.8A Total) 3-Sided 1680J Power Strip Multi Plug Outlets Wall Adapter Spaced for Home Travel Office (3U1C)",4.7 out of 5 stars,"11,274 ratings",Added to,Deliver to Serbia
"Dell USB 3.0 Ultra HD/4K Triple Display Docking Station (D3100), Black",4.5 out of 5 stars,"6,863 ratings",,
"SanDisk 128GB Extreme microSDXC UHS-I Memory Card with Adapter - Up to 160MB/s, C10, U3, V30, 4K, A2, Micro SD - SDSQXA1-128G-GN6MA",4.8 out of 5 stars,"254,809 ratings",from After Solutions,Deliver to Serbia
SAMSUNG 970 EVO Plus SSD 2TB - M.2 NVMe Interface Internal Solid State Drive with V-NAND Technology (MZ-V7S2T0B/AM),4.9 out of 5 stars,"31,436 ratings",,
"Anker 4-Port USB 3.0 Hub, Ultra-Slim Data USB Hub with 2 ft Extended Cable [Charging Not Supported], for MacBook, Mac Pro, Mac mini, iMac, Surface Pro, XPS, PC, Flash Drive, Mobile HDD",4.7 out of 5 stars,"84,530 ratings",,Deliver to Serbia
"Original HP 952XL Black High-yield Ink Cartridge | Works with HP OfficeJet 8702, HP OfficeJet Pro 7720, 7740, 8210, 8710, 8720, 8730, 8740 Series | Eligible for Instant Ink | F6U19AN",4.8 out of 5 stars,"11,116 ratings",,Deliver to Serbia
"Original HP 952 Cyan, Magenta, Yellow Ink Cartridges (3-pack) | Works with HP OfficeJet 8702, HP OfficeJet Pro 7720, 7740, 8210, 8710, 8720, 8730, 8740 Series | Eligible for Instant Ink | N9K27AN",4.8 out of 5 stars,"10,173 ratings",,Deliver to Serbia
HP 15 Laptop - 15.6 inches - 8 GB RAM,4.5 out of 5 stars,"2,266 ratings","from Asurion, LLC",Deliver to Serbia
"Original HP 62 Black/Tri-color Ink (2-pack) | Works with HP ENVY 5540, 5640, 5660, 7640 Series, HP OfficeJet 5740, 8040 Series, HP OfficeJet Mobile 200, 250 Series | Eligible for Instant Ink | N9H64FN",4.7 out of 5 stars,"17,063 ratings",,
"Logitech G203 Wired Gaming Mouse, 8,000 DPI, Rainbow Optical Effect LIGHTSYNC RGB, 6 Programmable Buttons, On-Board Memory, Screen Mapping, PC/Mac Computer and Laptop Compatible - Black",4.7 out of 5 stars,"9,482 ratings","from Asurion, LLC",Deliver to Serbia
"Stylus Pen for iPad with Palm Rejection, Active Pencil Compatible with (2018-2021) Apple iPad Pro (11/12.9 Inch),iPad Air 3rd/4th Gen,iPad 6/7/8th Gen,iPad Mini 5th Gen for Precise Writing/Drawing",4.5 out of 5 stars,"67,733 ratings","from Asurion, LLC",Deliver to Serbia
"SAMSUNG EVO Select Plus Micro SD Memory Card + Adapter, 256GB microSDXC 130MB/s Full HD & 4K UHD, UHS-I, U3, A2, V30, Expanded Storage for Phone, Gaming, Tablet, MB-ME256KA/AM",4.8 out of 5 stars,"4,977 ratings",from After Solutions,Deliver to Serbia
"WD 5TB Elements Portable External Hard Drive HDD, USB 3.0, Compatible with PC, Mac, PS4 & Xbox - WDBU6Y0050BBK-WESN",4.7 out of 5 stars,"98,214 ratings",from After Solutions,Deliver to Serbia
"5 Pack (Apple MFi Certified) iPhone Charger 10 ft,Long Lightning Cable 10 Foot,High Fast 10 Feet Apple Charging Cables Cord Connector for iPhone 12 Mini 12 Pro Max 11 Pro MAX XS Xr X 6 AirPods",4.5 out of 5 stars,"17,450 ratings",,Deliver to Serbia
"JETech Screen Protector compatible with iPad (10.2-Inch, 2021/2020/2019 Model, 9/8/7 Generation), Tempered Glass Film",4.6 out of 5 stars,"85,925 ratings",,Deliver to Serbia
"Original HP 64 Black Ink Cartridge | Works with HP ENVY Inspire 7950e; ENVY Photo 6200, 7100, 7800; Tango Series | Eligible for Instant Ink | N9J90AN",4.7 out of 5 stars,"23,094 ratings",,Deliver to Serbia
"External DVD Drive, USB 3.0 Portable CD/DVD +/-RW Drive/DVD Player for Laptop CD ROM Burner Compatible with Laptop Desktop PC Windows Linux OS Apple Mac Black",4.3 out of 5 stars,"28,357 ratings","from Asurion, LLC",Deliver to Serbia
"Canon PG-243/ CL-244 Ink Multi pack, Compatible to TR4520, MX492, MG2520, MG2922, TS302 and TS202 Printers",4.6 out of 5 stars,"41,092 ratings",,Deliver to Serbia
"Original HP 61 Black/Tri-color Ink (2-pack) | Works with DeskJet 1000, 1010, 1050, 1510, 2050, 2510, 2540, 3000, 3050, 3510; ENVY 4500, 5530; OfficeJet 2620, 4630 | Eligible for Instant Ink | CR259FN",4.7 out of 5 stars,"26,033 ratings",,
"Samsung 870 EVO SATA III SSD 1TB 2.5” Internal Solid State Hard Drive, Upgrade PC or Laptop Memory and Storage for IT Pros, Creators, Everyday Users, MZ-77E1T0B/AM",4.8 out of 5 stars,"12,694 ratings",from After Solutions,Deliver to Serbia
"SanDisk 1TB Extreme Portable SSD - Up to 1050MB/s - USB-C, USB 3.2 Gen 2 - External Solid State Drive - SDSSDE61-1T00-G25",4.8 out of 5 stars,"12,120 ratings",from After Solutions,Deliver to Serbia
"SanDisk 128GB Extreme PRO SDXC UHS-I Card - C10, U3, V30, 4K UHD, SD Card - SDSDXXY-128G-GN4IN",4.8 out of 5 stars,"116,869 ratings",from After Solutions,Deliver to Serbia
iPhone Charger [Apple MFi Certified] YEFOOT 5Pack(3/3/6/6/10FT) Lightning Cable Compatible iPhone 12Pro Max/12Pro/12/11/Pro/Xs Max/X/8 and More-Silver&White,4.5 out of 5 stars,"19,322 ratings",,Deliver to Serbia
"SAMSUNG 980 SSD 1TB M.2 NVMe Interface Internal Solid State Drive with V-NAND Technology for Gaming, Heavy Graphics, Full Power Mode, MZ-V8V1T0B/AM",4.8 out of 5 stars,"6,325 ratings",from After Solutions,Deliver to Serbia
"Power Strip, Alestor Surge Protector with 12 Outlets and 4 USB Ports, 6 Feet Extension Cord (1875W/15A), 2700 Joules, ETL Listed, Black",4.8 out of 5 stars,"10,986 ratings",Added to,Deliver to Serbia
Canon PG-245XL High-Yield Black Ink Cartridge,4.8 out of 5 stars,"19,372 ratings",Added to,Deliver to Serbia
"VIVO Dual LCD LED 13 to 27 inch Monitor Desk Mount Stand, Heavy Duty Fully Adjustable, Fits 2 Screens, STAND-V002",4.6 out of 5 stars,"37,942 ratings",,Deliver to Serbia
"TP-Link TL-SG105 | 5 Port Gigabit Unmanaged Ethernet Network Switch, Ethernet Splitter | Plug & Play | Fanless Metal Design | Shielded Ports | Traffic Optimization | Limited Lifetime Protection",4.8 out of 5 stars,"77,167 ratings",,Deliver to Serbia
"Logitech G502 HERO High Performance Wired Gaming Mouse, HERO 25K Sensor, 25,600 DPI, RGB, Adjustable Weights, 11 Programmable Buttons, On-Board Memory, PC / Mac",4.7 out of 5 stars,"27,244 ratings",Added to,Deliver to Serbia
"livho 2 Pack Blue Light Blocking Glasses, Computer Reading/Gaming/TV/Phones Glasses for Women Men,Anti Eyestrain & UV Glare (Light Blcak+Clear)",4.3 out of 5 stars,"96,066 ratings",,Deliver to Serbia
"Anker USB C to HDMI Adapter (4K@60Hz), 310 USB-C Adapter (4K HDMI), Aluminum Portable USB C Adapter, for MacBook Pro, MacBook Air, iPad Pro, Pixelbook, XPS, Galaxy, and More",4.6 out of 5 stars,"17,819 ratings",,Deliver to Serbia
"Soundance Laptop Stand, Aluminum Computer Riser, Ergonomic Laptops Elevator for Desk, Metal Holder Compatible with 10 to 15.6 Inches Notebook Computer, Silver",4.8 out of 5 stars,"35,667 ratings",,Deliver to Serbia
"TP-Link AC1750 Smart WiFi Router (Archer A7) -Dual Band Gigabit Wireless Internet Router for Home, Works with Alexa, VPN Server, Parental Control, QoS",4.5 out of 5 stars,"60,032 ratings","from Asurion, LLC",Deliver to Serbia
"Original HP 61XL Black High-yield Ink | Works with DeskJet 1000, 1010, 1050, 1510, 2050, 2510, 2540, 3000, 3050, 3510; ENVY 4500, 5530; OfficeJet 2620, 4630 Series | Eligible for Instant Ink | CH563WN",4.7 out of 5 stars,"17,603 ratings",,Deliver to Serbia
Samsung Electronics Tab A7 Lite - 8.7 inches - 3 GB RAM,4.6 out of 5 stars,"2,402 ratings","from Asurion, LLC",Deliver to Serbia
"Original HP 962 Cyan, Magenta, Yellow Ink Cartridges (3-pack) | Works with HP OfficeJet 9010 Series, HP OfficeJet Pro 9010, 9020 Series | Eligible for Instant Ink | 3YP00AN",4.7 out of 5 stars,"5,446 ratings",,Deliver to Serbia
HP M27ha FHD Monitor - Full HD Monitor (1920 x 1080p) - IPS Panel and Built-in Audio - VESA Compatible 27-inch Monitor Designed for Comfortable Viewing with Height and Pivot Adjustment - (22H94AA#ABA),4.7 out of 5 stars,"2,631 ratings",Added to,Deliver to Serbia
"Anker New Nylon USB C to USB C Cable (6ft 60W, 2-Pack), USB 2.0 Type C Charging Cable for iPad Mini 6, iPad Pro 2020, iPad Air 4, MacBook Pro 2020, Samsung Galaxy S21, Switch, Pixel, LG (Black)",4.7 out of 5 stars,"7,296 ratings",,Deliver to Serbia
"Logitech C920S HD Pro Webcam, Full HD 1080p/30fps Video Calling, Clear Stereo Audio, HD Light Correction, Privacy Shutter, Works with Skype, Zoom, FaceTime, Hangouts, PC/Mac/Laptop/Tablet/XBox - Black",4.7 out of 5 stars,"1,162 ratings",Added to,Deliver to Serbia
"TP-Link AC750 WiFi Extender (RE220), Covers Up to 1200 Sq.ft and 20 Devices, Up to 750Mbps Dual Band WiFi Range Extender, WiFi Booster to Extend Range of WiFi Internet Connection",4.0 out of 5 stars,"76,286 ratings","from Asurion, LLC",Deliver to Serbia
"Surge Protector Power Strip - 8 Widely Outlets with 4 USB Charging Ports, 3 Side Outlet Extender with 5Ft Braided Extension Cord, Flat Plug, Wall Mount, Desk USB Charging Station for Home Office ETL",4.8 out of 5 stars,"2,818 ratings","from Asurion, LLC",Deliver to Serbia
"USB Type-C Cable 5pack 6ft Fast Charging 3A Quick Charger Cord, Type C to A Cable 6 Foot Compatible Samsung Galaxy S10 S9 S8 Plus, Braided Fast Charging Cable for Note 10 9 8, LG V50 V40 G8 G7(Grey)",4.7 out of 5 stars,"25,790 ratings",,Deliver to Serbia
"Brother Genuine High Yield Toner Cartridge, TN660, Replacement Black Toner, Page Yield Up To 2,600 Pages, Amazon Dash Replenishment Cartridge",4.7 out of 5 stars,"14,159 ratings",,Deliver to Serbia
"Sceptre Curved 27"" 75Hz LED Monitor HDMI VGA Build-In Speakers, EDGE-LESS Metal Black 2019 (C275W-1920RN)",4.7 out of 5 stars,"10,373 ratings","from Asurion, LLC",Deliver to Serbia
"2 Pack Screen Protector Compatible with iPad 9th Generation / iPad 8th Generation 10.2 Inch, apiker Tempered Glass Compatible with iPad 9 8 7 (2021/2020/2019)",4.6 out of 5 stars,"27,614 ratings",,Deliver to Serbia
"Original HP 64XL Tri-color High-yield Ink Cartridge | Works with HP ENVY Inspire 7950e; ENVY Photo 6200, 7100, 7800; Tango Series | Eligible for Instant Ink | N9J91AN",4.7 out of 5 stars,"11,627 ratings",,Deliver to Serbia
"Anker USB C Hub, 341 USB-C Hub (7-in-1), with 4K HDMI, 100W Power Delivery, USB-C and 2 USB-A 5Gbps Data Ports, microSD and SD Card Reader, for MacBook Air, MacBook Pro, XPS, and More",4.6 out of 5 stars,"13,522 ratings",,Deliver to Serbia
"Sceptre IPS 24-Inch Business Computer Monitor 1080p 75Hz with HDMI VGA Build-in Speakers, Machine Black (E248W-FPT)",4.6 out of 5 stars,"3,074 ratings","from Asurion, LLC",Deliver to Serbia
"Matein Travel Laptop Backpack, Business Anti Theft Slim Durable Laptops Backpack with USB Charging Port, Water Resistant College School Computer Bag Gifts for Men & Women Fits 15.6 Inch Notebook, Grey",4.8 out of 5 stars,"54,420 ratings","from Asurion, LLC",Deliver to Serbia
"BENGOO G9000 Stereo Gaming Headset for PS4 PC Xbox One PS5 Controller, Noise Cancelling Over Ear Headphones with Mic, LED Light, Bass Surround, Soft Memory Earmuffs for Laptop Mac Nintendo NES Games",4.3 out of 5 stars,"82,197 ratings",,Deliver to Serbia
"AMD Ryzen 7 5800X 8-core, 16-Thread Unlocked Desktop Processor",4.8 out of 5 stars,"5,549 ratings","from Asurion, LLC",Deliver to Serbia
"Motorola MB8611 DOCSIS 3.1 Multi-Gig Cable Modem | Pairs with Any WiFi Router | Approved for Comcast Xfinity Gigabit, Cox Gigablast, Spectrum, and More | 2.5 Gbps Ethernet Port",4.5 out of 5 stars,"19,330 ratings","from Asurion, LLC",Deliver to Serbia
"HP V222vb FHD Monitor, 1080p VA Display, 75Hz Refresh Rate, 21.5-inch Computer Screen, TÜV Certified Low Blue Light Mode, Ergonomic Tilt, 3000:1 Contrast Ratio, HDMI & VGA Ports, VESA Mounting (2021)",4.6 out of 5 stars,"13,752 ratings",Added to,Deliver to Serbia
"Brother Genuine Standard Yield Toner Cartridge, TN730, Replacement Black Toner, Page Yield Up To 1,200 Pages, Amazon Dash Replenishment Cartridge",4.7 out of 5 stars,"8,765 ratings",,Deliver to Serbia
"Surge Protector Power Strip , Nuetsa Extension Cord with 8 Outlets and 4 USB Ports, 6 Feet Power Cord (1625W/13A) , 2700 Joules, ETL Listed, Black",4.8 out of 5 stars,188 ratings,Added to,Deliver to Serbia
USB Wall Charger Surge Protector 5 Outlet Extender with 4 USB Charging Ports ( 1 USB C Outlet) 3 Sided 1800J Power Strip Multi Plug Outlets Wall Adapter Spaced for Home Travel Office ETL Listed,4.8 out of 5 stars,"21,972 ratings",,Deliver to Serbia
"Elgato HD60 S+, External Capture Card, Stream and Record in 1080p60 HDR10 or 4K60 HDR10 with ultra-low latency on PS5, PS4/Pro, Xbox Series X/S, Xbox One X/S, in OBS and more, works with PC and Mac",4.6 out of 5 stars,"2,994 ratings","from Asurion, LLC",Deliver to Serbia
"Ledger Nano X Crypto Hardware Wallet - Bluetooth - The best way to securely buy, manage and grow your Bitcoin wallet and other digital assets",4.6 out of 5 stars,"3,988 ratings",from After Solutions,Deliver to Serbia
"iPhone Charger Cable (3 Pack 10 Foot), [MFi Certified] 10 Feet Nylon Braided Lightning Cable, iPhone Charging Cord USB Cable Compatible with iPhone 11/Pro/X/Xs Max/XR/8 Plus /7 Plus/6/ iPad",4.5 out of 5 stars,"31,379 ratings",,Deliver to Serbia
Seagate BarraCuda 2TB Internal Hard Drive HDD – 3.5 Inch SATA 6Gb/s 7200 RPM 256MB Cache 3.5-Inch – Frustration Free Packaging (ST2000DM008/ST2000DMZ08),4.7 out of 5 stars,"74,070 ratings",from After Solutions,Deliver to Serbia
"Dell SE2722HX - 27-inch FHD (1920 x 1080) 16:9 Monitor with Comfortview (TUV-Certified), 75Hz Refresh Rate, 16.7 Million Colors, Anti-Glare with 3H Hardness, Black",4.7 out of 5 stars,398 ratings,Added to,Deliver to Serbia
"3 Pack Apple MFi Certified iPhone Charger Cable 6ft, Apple Lightning to USB Cable Cord 6 Foot, 2.4A Fast Charging Apple Phone Long Chargers for iPhone Bluetooth Headphones (3 Pack)",4.5 out of 5 stars,"9,452 ratings",,Deliver to Serbia
"Belkin Power Strip Surge Protector - 12 AC Multiple Outlets & 8 ft Long Flat Plug Heavy Duty Extension Cord for Home, Office, Travel, Computer Desktop, Laptop & Phone Charging Brick (3,940 Joules)",4.8 out of 5 stars,"68,719 ratings","from Asurion, LLC",Deliver to Serbia
Logitech C922x Pro Stream Webcam – Full 1080p HD Camera,4.7 out of 5 stars,"10,216 ratings","from Asurion, LLC",
